best_acc,best_epoch
0.8603354018912529,8
0.8561982860520094,6
0.8659869976359338,10
0.8603723404255319,6
0.8555333924349882,5
