best_acc,best_epoch
0.8620345744680851,2
0.8561982860520094,0
0.854720744680851,5
0.8654698581560284,4
0.8543144208037825,2
