best_acc,best_epoch
0.8553856382978723,1
0.8578605200945626,2
0.8405732860520094,2
0.8597074468085106,7
0.8570109338061465,8
