best_acc,best_epoch
0.8615174349881797,14
0.8615174349881797,18
0.8580082742316785,6
0.8646941489361702,12
0.864029255319149,9
